{
  "db_path": "fma_db\\data\\fma.db",
  "starting_model": "artifacts/ppo_20260410_002422/ppo_ai_dj.zip",
  "reward_model_config": "artifacts\\reward_model\\reward_model_config.json",
  "model_path": "artifacts\\rlhf_20260413_000436\\ppo_rlhf.zip",
  "total_timesteps": 32768,
  "episode_length": 12,
  "track_limit": 500,
  "eval_episodes": 10,
  "proxy_score_before": 9.9050988,
  "proxy_score_before_std": 0.5307661904588119,
  "proxy_score_after": 9.1784504,
  "proxy_score_after_std": 0.22192518345748888,
  "proxy_improvement": -0.7266484000000002,
  "rlhf_score_after": -0.12526849999999998,
  "rlhf_score_after_std": 0.00747920088311579,
  "episode_count": 2730,
  "initial_window_mean": -0.16502594241543034,
  "final_window_mean": -0.12353196159999999,
  "curve_improvement": 0.04149398081543035,
  "rolling_slope": 1.8064383715623734e-05
}