{
  "db_path": "fma_db\\data\\fma.db",
  "model_path": "artifacts\\ppo_20260410_002422\\ppo_ai_dj.zip",
  "monitor_path": "artifacts\\ppo_20260410_002422\\train.monitor.csv",
  "curve_path": "artifacts\\ppo_20260410_002422\\learning_curve.csv",
  "demo_path": "artifacts\\ppo_20260410_002422\\demo_episode.json",
  "total_timesteps": 65536,
  "episode_length": 12,
  "track_limit": 500,
  "repeat_track_penalty": 0.25,
  "eval_episodes": 10,
  "evaluation_sampling_mode": "stochastic",
  "baseline_mean_reward": 7.828939291904334,
  "baseline_reward_std": 0.5455922180168225,
  "heuristic_mean_reward": 11.269507769202665,
  "heuristic_reward_std": 0.04107056647255355,
  "trained_mean_reward": 10.240908600000001,
  "trained_reward_std": 0.3830044770621353,
  "episode_count": 5461,
  "trend_window": 25,
  "initial_window_mean": 7.9369240119915005,
  "final_window_mean": 10.109821571200001,
  "best_episode_reward": 11.25856,
  "rolling_slope": 0.0003684734587422191,
  "curve_improvement": 2.1728975592085007,
  "policy_improvement": 2.4119693080956672,
  "min_improvement": 0.1,
  "policy_beats_random": true,
  "trend_upward": true
}