{
  "db_path": "fma_db/data/fma.db",
  "model_path": "artifacts/ppo_20260406_220618/ppo_ai_dj.zip",
  "monitor_path": "artifacts/ppo_20260406_220618/train.monitor.csv",
  "curve_path": "artifacts/ppo_20260406_220618/learning_curve.csv",
  "demo_path": "artifacts/ppo_20260406_220618/demo_episode.json",
  "total_timesteps": 16384,
  "episode_length": 12,
  "track_limit": 64,
  "repeat_track_penalty": 0.25,
  "eval_episodes": 10,
  "evaluation_sampling_mode": "stochastic",
  "baseline_mean_reward": 8.458246977115666,
  "baseline_reward_std": 0.5865410912811473,
  "trained_mean_reward": 9.347837000000002,
  "trained_reward_std": 0.5291277788627241,
  "episode_count": 1365,
  "trend_window": 25,
  "initial_window_mean": 8.133018246053025,
  "final_window_mean": 9.6667405136,
  "best_episode_reward": 10.899775,
  "rolling_slope": 0.001031735493058419,
  "curve_improvement": 1.5337222675469757,
  "policy_improvement": 0.8895900228843363,
  "min_improvement": 0.1,
  "policy_beats_random": true,
  "trend_upward": true
}