{
  "db_path": "fma_db\\data\\fma.db",
  "model_path": "artifacts\\ppo_20260413_004855\\ppo_ai_dj.zip",
  "monitor_path": "artifacts\\ppo_20260413_004855\\train.monitor.csv",
  "curve_path": "artifacts\\ppo_20260413_004855\\learning_curve.csv",
  "demo_path": "artifacts\\ppo_20260413_004855\\demo_episode.json",
  "total_timesteps": 65536,
  "episode_length": 12,
  "track_limit": 500,
  "repeat_track_penalty": 0.25,
  "eval_episodes": 10,
  "evaluation_sampling_mode": "stochastic",
  "baseline_mean_reward": 7.478116179955999,
  "baseline_reward_std": 0.5757538867552365,
  "heuristic_mean_reward": 11.332027846930668,
  "heuristic_reward_std": 0.043808681914938,
  "trained_mean_reward": 8.0709294,
  "trained_reward_std": 0.6209237768126132,
  "episode_count": 5461,
  "trend_window": 25,
  "initial_window_mean": 7.059256440402314,
  "final_window_mean": 8.2756954736,
  "best_episode_reward": 10.069236,
  "rolling_slope": 0.00020437370792391064,
  "curve_improvement": 1.2164390331976866,
  "policy_improvement": 0.5928132200440013,
  "min_improvement": 0.1,
  "policy_beats_random": true,
  "trend_upward": true
}